<mujoco model="pegs_arena">
  <asset>
    <texture builtin="gradient" height="256" rgb1=".9 .9 1." rgb2=".2 .3 .4" type="skybox" width="256"/>
    <texture builtin="checker" height="512" name="texplane" rgb1=".2 .3 .4" rgb2=".1 0.15 0.2" type="2d" width="512"/>
    <texture file="../textures/light-wood.png" type="2d" name="tex-light-wood"/>
    <texture file="../textures/dark-wood.png" type="2d" name="tex-dark-wood"/>
    <material name="light-wood" reflectance="0.5" texrepeat="15 15" texture="tex-light-wood" texuniform="true"/>
    <material name="dark-wood" reflectance="0.5" texrepeat="5 5" texture="tex-dark-wood" texuniform="true"/>
    <material name="floorplane" reflectance="0.5" texrepeat="1 1" texture="texplane" texuniform="true"/>
  </asset>
  <worldbody>
    <geom condim="3" material="floorplane" name="floor" pos="0 0 0" size="3 3 .125" type="plane"/>
    <body name="table" pos="0.08 0.15 0.8">
      <geom pos="0 0 0" size="0.35 0.4 0.02" type="box" friction="1 0.005 0.0001" name="table_collision"/>
      <geom pos="0 0 0" material="light-wood" size="0.35 0.4 0.02" type="box" conaffinity="0" contype="0" group="1"/>
    </body>
    <body name="peg1" pos="0.23 0.25 0.85">
      <geom pos="0 0 0" size="0.016 0.016 0.1" type="box" friction="1 0.005 0.0001"/>
      <geom pos="0 0 0" rgba="0.3 0.3 1 1" size="0.016 0.016 0.1" type="box" conaffinity="0" contype="0" group="1"/>
    </body>
    <body name="peg2" pos="0.23 0.05 0.85">
      <geom pos="0 0 0" size="0.02 0.1" type="cylinder" friction="1 0.005 0.0001"/>
      <geom pos="0 0 0" rgba="1 0.3 0.3 1" size="0.02 0.1" type="cylinder" conaffinity="0" contype="0" group="1"/>
    </body>

    <light diffuse=".8 .8 .8" dir="0 -.15 -1" directional="false" pos="1 1 4.0" specular="0.3 0.3 0.3" castshadow="false"/>
    <light diffuse=".8 .8 .8" dir="0 -.15 -1" directional="false" pos="-3. -3. 4.0" specular="0.3 0.3 0.3" castshadow="false"/>
    <!-- front view -->
    <camera mode="fixed" name="frontview" pos="1.6 0.15 1.45" quat="0.56 0.43 0.43 0.56"/>
    <!-- bird view -->
    <camera mode="fixed" name="birdview" pos="-0.2 0.15 3.0" quat="0.7071 0 0 0.7071"/>
    <!-- agent view -->
    <camera mode="fixed" name="agentview" pos="0.8 0.15 1.65" quat="0.653 0.271 0.271 0.653"/>
  </worldbody>
</mujoco>
